Days,Sales,Daily customers,Electronics items,Groceries Items,Competition
0,0.5414407726,4.137795975,4.568446583,53.75426985,4.947273458
1,0.5180383713,6.179862569,5.181264114,54.1920695,6.506437634
2,0.3139399141,6.739930972,5.869504947,53.6490207,7.284021965
3,0.4146140417,7.235988259,3.90091329,55.81573781,4.556856661
4,0.6878929281,4.371068986,5.361721386,69.26125893,4.95677568
5,0.5662005917,4.866699513,5.025298753,51.76367856,5.316225916
6,0.640626071,6.072605963,5.858104833,84.60152036,6.071769982
7,0.9688659264,5.646923065,5.019686098,56.82861554,1.224282653
8,0.706416728,5.56729087,6.945090322,79.93603559,5.171643873
9,0.581697885,6.037614746,5.418668221,91.64801846,4.84542182
10,0.3131093299,1.006295356,2.720025077,41.36949942,2.811107015
11,0.4304078851,2.922486299,3.074756644,59.07133417,4.047192926
12,0.4438780629,3.746905753,4.452947063,67.95807033,5.69993941
13,0.4252394372,6.035674026,6.033718198,72.35062266,6.083689827
14,0.4146199173,1.942386482,5.952962309,22.49677372,3.433580706
15,0.6504244122,5.43041804,4.051222927,54.01944248,5.572156457
16,0.3212492598,2.208110143,6.307192981,40.60012259,4.295179546
17,0.3012640875,4.353954613,4.208941084,62.95160155,2.526448204
18,0.4297157299,3.55213159,3.13613939,25.38778996,4.115150679
19,0.432777491,3.81435497,1.97719667,55.34252235,6.735200558
20,0.7552992151,4.956505853,4.333148411,54.50445501,3.906327082
21,0.4442449619,5.579413468,6.684021043,71.49902236,4.531937858
22,0.2317605083,3.04483556,2.422150964,26.7123895,6.062970997
23,0.4923368406,5.901529338,7.159356415,56.7235926,6.678164835
24,0.6443831211,4.90862353,4.306222012,57.19918976,4.546676553
25,0.6670127729,4.234692218,5.150297076,60.59379223,2.025281516
26,0.5358394253,3.586401087,5.180124597,39.9069789,2.183697403
27,0.9124759944,9.516644095,7.624744927,84.59443097,3.505505316
28,0.4345177061,6.398145888,4.090445221,57.13388051,4.84753808
29,0.2187636932,5.558226603,5.420052214,54.09423758,5.431903708
30,0.6340868271,4.790899679,6.681197263,59.21728214,4.805340283
31,0.4723196971,4.039869419,4.287470669,48.67376916,2.445796488
32,0.442457882,4.12200852,5.169730562,69.25925915,6.602220641
33,0.5956944235,4.098651572,5.093209382,64.18372088,4.735511355
34,0.3177341636,4.067087843,3.808506724,31.80745892,4.494370153
35,0.5747878632,5.941262316,6.087086934,83.73245476,4.273075596
36,0.5676204946,6.331685271,7.691265241,76.65614188,5.285487907
37,0.6699672253,7.02226689,7.365675025,60.69004236,7.316692506
38,0.4786880652,2.551433727,4.733960618,28.99086635,2.35719342
39,0.7520539101,5.630236535,5.6332743,94.34269421,6.110710579
40,0.5645635271,4.505135802,3.650574927,48.59973742,4.406919372
41,0.5809749958,5.115865868,5.956648973,66.16553853,2.796884478
42,0.8382962601,5.597530106,7.201774,59.42152537,2.783051327
43,0.6075973814,6.557171443,3.331998785,42.53531452,2.536993299
44,0.3192846632,7.3427158,7.958458528,94.06570319,7.993018069
45,0.5702913275,4.640416403,4.184254924,51.80658682,5.258561812
46,0.4348068474,4.739255288,6.277655287,51.21965872,6.176960484
47,0.7845448106,2.189070225,3.931485881,24.94523329,1.710851585
48,0.4374487827,5.905576101,4.091011462,30.27566581,5.710423173
49,0.3689525884,2.825525238,5.823095068,17.54512304,3.226925589
50,0.5446557251,4.678350558,7.002365324,73.89439151,6.67941125
51,0.4899504625,3.714890876,4.767030883,21.38374317,5.467674765
52,0.7158538352,4.14424679,4.240752906,25.96597426,3.544994583
53,0.5276542951,5.665318649,4.935689485,52.0153653,5.288575371
54,0.6030253854,2.809374347,6.263516046,55.86165082,4.178407495
55,0.5295925624,2.381146506,3.785924327,37.30476828,3.62540721
56,0.2537886149,2.466315205,3.178777486,45.81546246,5.280054007
57,0.3733921427,3.491995752,6.840364868,51.51902778,4.034676189
58,0.5903752635,5.341243147,5.287955137,52.17630064,5.673699314
59,0.3544648993,5.301518405,9.38378632,80.90378383,10
60,0.5263758769,6.218253591,3.584195748,4.745745991,4.905153997
61,0.2406320337,3.051956911,3.344660654,34.55998769,4.123410943
62,0.6751585002,4.002955769,5.685060054,79.2202565,4.776187326
63,0.6564644876,4.704581175,2.950637984,47.72288776,3.602593826
64,0.589020988,6.547007104,6.764774321,71.45412891,5.917001318
65,0.4319972617,3.693534921,4.708733036,56.820105,4.932849589
66,0.4529247088,5.169997996,5.675092169,34.28852492,5.068169426
67,0.5229239374,5.079484807,4.557491324,56.26872924,3.259371398
68,0.7112578412,6.9146197,2.408733609,76.41378643,6.238438266
69,0.5472986003,5.695851929,4.618826342,39.34527952,6.019975435
70,0.65723098,3.117456197,5.999167427,53.43292303,3.151095678
71,0.5180775252,3.671859224,4.384732303,35.7500049,4.658044395
72,0.6829770528,3.860108374,7.961265406,65.95874967,3.64305733
73,0.9079274188,5.40423243,3.175624026,53.97365897,2.245022558
74,0.3396137942,6.445019647,6.734453586,64.07788491,5.039292092
75,0.4447027885,4.771488379,4.556450161,54.69271146,6.68593447
76,0.3850859688,6.45859462,3.694301624,41.95906608,5.941442696
77,0.6312445179,4.729916422,4.289795808,38.38283512,5.232961503
78,0.5019358237,2.1251499,3.00135395,44.34534998,5.305010884
79,0.4181671965,7.401673419,5.683732816,78.44586579,6.520841019
80,0.4373422755,3.792812706,2.781672212,55.73627109,5.137186961
81,0.5543694232,4.659275715,5.737097018,55.17136075,3.593100987
82,0.5261247763,4.954905541,5.905898981,61.92411557,4.975325325
83,0.5236768374,7.699111112,6.764908309,75.09119994,7.03307144
84,0.4884730113,2.325881257,2.796611863,23.69069575,3.115923135
85,0.7171162706,5.687475645,5.89953132,66.50835513,3.211374455
86,0.7961097502,4.550960886,6.884375469,49.70433988,2.343148438
87,0.3724496524,5.373535505,1.419898088,43.7647848,5.285850308
88,0.3878204927,4.670105176,5.541214494,48.81773669,6.782431932
89,0.5880046707,4.016058228,3.749722411,31.8811507,3.331219872
90,0.7769383167,4.709599411,4.914019045,49.40704273,6.045957665
91,0.4597425272,4.143472958,4.333328889,39.65343286,6.31893505
92,0.625808846,6.616306281,7.84764727,77.68932232,6.14006636
93,0.4882539481,3.054233722,3.503854136,29.38708875,5.308262264
94,0.6314424956,4.988747577,6.420933149,73.86806816,6.8015617
95,0.5674493312,7.627027821,7.429419244,91.17924351,6.053241903
96,0.6653531064,3.275823296,4.427562379,52.98875522,3.580521236
97,0.500793223,4.885298106,4.560458836,59.33234496,4.23915349
98,0.6668948408,4.866728185,7.379313082,93.64993392,4.432912654
99,0.2369736053,1.797014214,2.205678645,39.05625408,3.234949057
100,0.5529585707,2.180453262,0.106777724,13.56677819,4.291547927
101,0.6720864888,6.875135927,6.499487512,65.56200454,3.735370306
102,0.4414335745,5.251323688,4.486536693,38.75523914,7.119171096
103,0.4350128344,5.036020156,5.360159017,45.15756803,5.383511522
104,0.3322616938,3.668245565,3.027066857,37.81444925,5.172248267
105,0.52927711,5.441946602,4.639708081,61.96448657,4.612413429
106,0.5797901146,3.732663722,5.446844735,35.12698944,7.477405395
107,0.4874351101,5.425448578,2.774471242,40.27757361,3.504025692
108,0.6043919246,6.350342565,6.070907915,61.2378808,6.172383554
109,0.8950792831,5.316375244,4.930405836,70.45936067,5.285102224
110,0.8637761763,4.981998447,7.098685674,75.41077974,3.016962357
111,0.3711377947,5.938884801,3.737310887,50.0301867,5.078914113
112,0.4179483837,8.844955402,4.676518535,48.18493427,4.958409989
113,0.8310996703,3.867737073,5.637489082,45.37940704,2.414781587
114,0.484692542,3.254288977,2.5069184,36.31206735,3.423329365
115,0.3942025712,5.802400268,4.29939816,46.55579214,3.147061914
116,0.5620524484,3.988518156,5.056886946,25.02437315,4.982723763
117,0.3490726356,4.554620055,4.394776774,30.50022863,3.722164467
118,0.3747113815,5.864660847,4.714363502,49.10315318,6.652420365
119,0.4594309464,6.421933851,5.34161851,54.40096469,5.104738894
120,0.4127642192,2.677080838,2.359543115,81.63808548,7.763382772
121,0.6041857872,6.354838782,2.940569684,59.74701272,5.047579518
122,0.4743058076,3.77540432,5.371972363,53.16186088,5.56401913
123,0.6480641936,6.268213591,5.291648672,39.23066533,4.384638901
124,0.6496228494,7.17178635,5.341834952,52.27283894,5.545839107
125,0.3646352747,6.124142482,7.749681822,74.5144827,7.550028009
126,0.2551643045,4.130242449,6.456173237,60.06356334,9.179526876
127,0.1997253524,4.012319692,5.881974216,51.83762998,6.348848073
128,0.2801644492,3.280521713,2.998110189,32.32783233,3.91561659
129,0.9294584571,5.957890129,5.266647193,49.75032715,5.886491073
130,0.5201314958,4.174544713,3.344676031,51.41809702,5.341219362
131,0.2752380347,3.502731509,4.855068258,40.96591553,5.940073873
132,0.4990862477,2.57539926,2.894342152,24.21211265,3.365938061
133,0.9548882229,6.607353043,7.466885045,85.70190819,4.047474898
134,0.7402466554,7.538259221,7.466008969,61.71968547,5.536162457
135,0.564574455,5.681063567,6.699415374,77.40573858,7.88206419
136,0.2661542605,6.805776354,6.597637657,80.46574486,6.439094646
137,0.4466400847,4.258301727,6.822344372,59.62313283,6.17364114
138,0.746021152,6.01752658,7.432066161,72.93344088,6.557416484
139,0.5816005691,7.736526207,4.904643347,71.51497308,5.163543233
140,0.8068078005,5.021692992,3.364803946,55.07920034,3.795487297
141,0.08635189365,3.240407973,3.810077874,45.75323795,5.265202735
142,0.6569552676,7.454990064,6.832058985,65.3903348,7.415595549
143,0.3070901329,6.5649026,6.719228974,61.9338309,7.04718427
144,0.3653221428,5.121336639,4.726501717,43.67018383,4.920058288
145,0.3978173892,3.917059419,4.008837416,41.94671923,4.679939652
146,0.6345217521,4.484003018,7.327993882,92.03325993,4.749298964
147,0.2553241922,5.130887421,4.160526992,30.88052867,3.804857623
148,0.6528945474,4.20945885,3.844557927,41.2873802,4.492862131
149,0.6361771702,5.322322006,5.366315458,60.98401676,4.37362025
150,0.3671643832,0.6672631659,1.124518997,29.33708667,2.585587276
151,0.4784991969,2.710989476,3.38995163,40.0639096,3.66011678
152,0.2643919585,6.350237027,7.084063389,50.96617235,6.014074365
153,0.5998044274,4.642083058,1.828869328,26.85342473,4.119425095
154,0.4991020221,4.698340644,6.177340719,47.75726941,4.92648611
155,0.4427065359,4.650226333,4.556333076,62.30859647,4.043712347
156,0.5040506715,2.770881477,5.626592626,47.98477207,3.211778517
157,0.2967431698,5.314046228,3.950227082,29.3545623,4.743580623
158,0.6340008843,4.331781222,4.534638244,48.28049365,2.952304194
159,0.4203773528,3.92686665,2.475735194,40.07076803,5.752644663
160,0.6817627337,7.548172829,4.894347212,68.669245,3.391594776
161,0.5321307563,7.638689069,5.378256196,74.06454011,6.177827213
162,0.5343946096,8.36185099,7.267311186,80.99479847,5.869714443
163,0.4146088654,4.831190502,4.767942345,54.03541779,6.411458564
164,0.6542859873,3.822089925,5.931611764,75.7706371,5.088829463
165,0.542997912,4.100272123,2.765715928,49.17172617,5.47612205
166,0.6545978532,1.964311262,4.870596577,24.84075291,2.422296389
167,0.3105703802,5.979741338,5.661867894,59.17003485,7.118137982
168,0.6170594614,5.448852362,3.723382509,44.67112271,4.803177776
169,0.5279595176,3.220121083,3.277453771,43.31294586,3.722450073
170,0.5647233775,4.933486095,4.070308965,53.64842077,4.537287778
171,0.7109496941,5.088863402,4.531474766,60.81335182,5.55993324
172,0.4028817237,4.347219652,2.324049439,55.11382934,4.275974111
173,0.5925759686,2.966702287,5.015796048,49.30222763,4.814846186
174,0.626649246,5.701474754,5.120313579,70.29970764,4.929135166
175,0.5559784099,3.934994903,5.802084508,58.67051408,5.347377006
176,0.5959568853,4.79366363,5.937396061,42.99989223,4.624281183
177,0.4354054716,4.711775031,3.898999062,54.17615977,5.58414168
178,0.5951248376,7.453558735,7.856345498,50.89427169,7.160358532
179,0.6050612937,3.27196397,5.169909625,61.08432546,4.205489286
180,0.4994430732,5.913946894,4.761287991,69.49954107,4.090650601
181,0.5148347476,6.654403259,2.623541495,46.08648921,7.898501114
182,0.4993497108,4.847057187,4.363886913,59.44156908,2.425946292
183,0.4049010488,4.559698533,5.17522572,66.84385778,5.369263586
184,0.5162838922,6.140995099,5.681728768,39.39458297,4.889041506
185,0.4029020414,4.571789256,4.452830501,48.93936995,4.820654139
186,0.5481409621,4.763473656,5.421187883,69.5602623,5.83277105
187,0.7170420621,6.54519846,7.01664831,78.11979982,4.623266942
188,0.4629700274,2.191691272,2.550389488,28.40129756,2.295747963
189,0.5578246086,5.829463434,7.572672508,79.78566515,4.93789349
190,0.4166077765,6.433972109,5.417485279,53.97214438,6.975150881
191,0.6016900412,6.347743297,6.42592355,66.56441457,7.07306467
192,0.6781423543,3.341400851,6.019601082,48.26496601,4.544860408
193,0.4045039983,3.14973219,3.17846519,44.35532135,7.06573763
194,0.5742416134,6.421739093,7.120993238,94.30009723,5.479943959
195,0.2935369079,3.731382328,7.07109115,61.132194,7.426858791
196,0.1006723597,7.557020071,4.500392127,69.50170804,9.315556864
197,0.7955173217,5.275838068,5.501876434,59.11384755,4.531194419
198,0.54571508,7.127822679,4.08203447,44.98627873,5.236783529
199,0.6764991157,7.977827454,4.83022248,80.77808774,7.671289859
200,0.6251598524,7.858996532,5.731961085,60.76015764,6.105586166
201,0.611646259,4.320405295,6.816770745,49.74391293,7.494279269
202,0.3772861705,5.434382904,5.672074209,68.67607704,5.036749628
203,0.5110771847,4.960949759,3.593701188,32.57173598,4.417325033
204,0.5021732259,6.847769108,5.95266836,46.27372053,5.549387274
205,0.2461799728,5.955335852,5.615808033,53.78896933,6.45188263
206,0.5208592351,4.995008514,5.777621868,72.20623026,5.686457196
207,0.4428115604,8.472313864,6.059548616,71.42730234,6.83414311
208,0.3880071164,4.448864093,5.946162451,29.11729104,5.643708566
209,0.5842006956,4.476411715,2.938433475,22.7550222,7.213573404
210,0,5.625372458,5.083376585,68.03247367,8.941101765
211,0.3136538213,3.494797144,4.584098061,53.24819406,6.750185878
212,0.3637275839,5.150974672,5.786808774,72.21127069,5.113955076
213,0.5716927565,5.50483538,6.414631177,53.80734929,3.670279508
214,0.4615424581,4.933082242,7.357249308,57.85604742,5.286078661
215,0.4878204252,4.107930074,5.384865722,44.38598455,5.827023195
216,0.325701333,4.124004892,3.534930164,38.46832937,3.589767709
217,0.5188316094,2.284723951,3.762321092,16.10698575,2.582412656
218,0.828559274,5.698665782,6.984220185,73.04176673,5.63672676
219,0.6737260566,5.170629702,6.668354201,53.60875298,5.138747685
220,0.7109316895,8.086900025,7.671175695,85.62431832,4.714047815
221,0.6305256484,4.160066196,5.302371562,54.13876058,4.180628418
222,0.8006762101,5.208515451,5.245718951,66.10580408,4.860342126
223,0.4157281179,4.861060643,4.793249866,44.23243676,5.365185339
224,0.5102381951,5.367204106,6.427115425,56.90014378,7.648507154
225,0.5873602865,2.985541087,2.925326327,57.69349963,5.00444484
226,0.5807912797,5.285374513,4.904327863,69.89511911,5.828201998
227,0.3555059668,3.746470788,2.374021132,32.77870187,6.839905076
228,0.4326128278,6.722798496,6.033023659,51.35821373,7.608295096
229,0.5825472392,7.544135522,9.408852113,90.87115917,6.900005804
230,0.5045925477,1.902896181,2.173263671,37.43557168,4.734399952
231,0.6478735694,5.905974463,5.462469388,68.41040118,6.520196058
232,0.466982299,4.110631342,4.838308981,44.77940136,4.26516568
233,0.5850920523,3.360605253,5.744407954,55.91186828,4.209272015
234,0.6249173327,6.313227462,5.976657301,81.21394827,3.879090323
235,0.4173802577,5.192182444,6.119451433,64.37288543,7.068867896
236,0.7080725553,5.397002429,5.844057391,59.28137513,5.389637065
237,0.5011854823,5.144214256,5.451011694,76.57676204,5.355840165
238,0.6995630306,4.561641388,5.326959395,41.93744041,3.292579132
239,0.627049546,6.713033892,6.033410644,63.28291285,6.592665105
240,0.5650715895,5.758107322,3.719958119,40.9173233,6.755407769
241,0.5218412151,4.216876502,5.091029981,36.03034424,5.345506913
242,0.598747624,5.153678411,5.032605017,69.56302757,5.17013477
243,0.489583962,2.849018609,8.017488293,31.34670276,4.564109691
244,0.6365899265,5.184888998,3.789980536,65.56409612,4.55929138
245,0.6118256183,6.545827116,7.308360857,55.83529141,6.135739536
246,0.5291665314,5.348650825,6.959409588,51.81296825,6.30479153
247,0.6536047035,6.54988852,5.109311857,65.84152151,5.119126641
248,0.538963645,6.864204756,7.805888356,54.10616415,5.848966216
249,0.7888985497,6.020479677,4.296582515,54.34554288,3.132304593
250,0.5287206304,3.752336123,3.545497037,54.33782077,4.799962483
251,0.708440192,3.205634148,3.820726157,59.60927205,3.562684471
252,0.79349121,5.519845494,4.104927073,65.43165159,3.523732774
253,0.4318462523,7.992361729,6.679123265,75.36283744,6.351214616
254,0.2260468541,4.533025311,5.527030728,43.73787184,5.880933355
255,0.719944583,5.08769653,5.159372944,49.74623415,2.030939195
256,0.8790622774,3.968353566,5.760731544,71.18583859,4.924121202
257,0.4900426359,2.394470154,1.407596366,26.58799589,4.274784537
258,0.5419031738,5.856533616,4.378827526,74.10545367,6.254826391
259,0.5326743945,4.927858999,5.718817066,73.84082196,4.496847062
260,0.7150640066,5.980481328,4.299631794,60.70014289,2.982620774
261,0.3664457304,6.779002047,5.373416548,47.45322709,6.784879374
262,0.5888441681,6.441916173,9.668512524,59.73472554,4.94347362
263,0.5370984548,3.335567207,8.124809266,52.72258319,7.33569775
264,0.6753166175,7.504001284,6.169622184,89.6149097,6.126076996
265,0.4016237749,3.60036701,5.399983831,46.5489201,6.780084085
266,0.7466471104,3.628423962,2.782646422,65.07006655,4.430016832
267,0.4482198873,3.127569795,2.016038108,24.89560199,4.212274935
268,0.5265892956,3.893802366,4.564675652,47.24937808,4.89764959
269,0.4384113488,3.999921978,4.205859374,42.38154101,4.093523859
270,0.3358445849,4.824682434,3.371962397,49.84665595,4.525562068
271,0.6805394364,6.934912842,5.565426474,54.77493362,5.623226555
272,0.3450654247,4.13840212,5.118998573,28.81803492,3.554987904
273,0.3273332441,1.369841088,3.026420663,32.39194516,2.150065724
274,0.5135082588,4.411213016,5.720030654,52.59537726,5.567617272
275,0.5833333609,7.58954379,7.771302954,87.50569286,4.441569996
276,0.5393820819,6.736035806,4.435748951,61.04151539,4.130570175
277,0.4262935617,4.986880826,5.356775785,57.00051313,7.63183835
278,0.4015397493,2.821871012,4.651744232,32.93283239,7.467272627
279,0.5771219054,4.618949708,3.373655717,35.31613973,4.041910842
280,0.4647097599,6.546947472,6.305156226,77.37332737,5.286090067
281,0.4074910502,4.701374206,5.545336516,58.36060207,6.522591292
282,0.6798324697,5.151073042,5.20282052,57.12185068,4.850607201
283,0.5331020021,3.82138817,4.167531528,44.93173027,4.4292475
284,0.6476512688,3.770334412,3.946052276,41.74477739,3.504061192
285,0.7453241022,4.013474516,4.128754624,34.93199765,3.27600903
286,0.4983819299,3.508855276,5.737878546,45.66608732,5.735797716
287,0.2570287509,6.026237781,4.390617744,60.0843037,5.193383706
288,0.2862335004,4.143888844,6.357683105,50.08812725,4.80461474
289,0.4138370198,7.491919254,5.716994828,62.30179557,7.887371214
290,0.5915037962,4.135411322,5.388291693,51.73645105,4.429313466
291,0.3771682613,6.242777121,4.079586172,39.45536879,6.807487581
292,0.5149362746,1.692955563,4.515143769,64.27699264,4.340726096
293,0.6492013917,5.01059604,2.502847486,34.45355048,4.697523537
294,0.4152006573,5.268489107,3.74296723,41.15688103,5.39612689
295,0.4484517631,3.894098515,4.512106158,31.37407616,5.05892005
296,0.5715905422,3.47660393,6.221682235,43.60649408,2.59215372
297,0.9594106703,5.365913242,5.309423867,71.6084399,4.431267445
298,0.4459304991,3.910387338,4.615984724,56.46622076,5.003040824
299,0.6527317364,6.429753007,6.275078456,61.1930857,5.221758935
300,0.4042367513,6.463483556,6.108080453,69.41893349,7.002670551
301,0.5667044659,6.260827722,6.714565641,69.57128404,4.202899588
302,0.8637462088,6.817740797,7.984216661,62.7852263,5.087588457
303,0.608878375,3.834499032,3.85952722,28.25281298,4.533630972
304,0.5253757408,4.249126202,4.461378964,44.38131638,7.250246231
305,0.5305733883,7.396143321,6.000427327,70.65011194,5.393344327
306,0.6601263039,6.05521452,4.770889916,50.26092589,5.324325733
307,0.4699842131,4.802836197,5.305954333,70.41385254,5.089746284
308,0.5602765829,7.291616838,5.854796772,82.20425306,6.00271623
309,0.3847573344,3.233920051,6.911011738,49.69725508,3.951920172
310,0.4990867989,3.745718185,5.677797628,55.12924404,5.031816505
311,0.448941165,4.384580041,4.054996703,58.92157678,2.466151036
312,0.4167532835,3.795590276,4.56720066,48.38362303,5.738426476
313,0.6211259946,6.78786881,6.686171448,71.80366117,4.159150874
314,0.6769088994,1.880090001,3.997194145,42.08151891,3.139980559
315,0.734367321,5.239767217,4.050674359,34.81128725,3.531615268
316,0.5593964669,2.486892478,2.205639095,45.55418038,4.204449976
317,0.7880522524,4.496588247,4.564910055,61.85434615,5.558438482
318,0.5172107417,5.801259018,7.246442035,66.31481728,5.551265363
319,0.5028636564,3.691271714,5.15162665,33.8262404,3.339239813
320,0.2225952913,5.262244794,4.771432905,20.29025622,8.069113479
321,0.5105016198,2.411946073,2.063390494,25.07962334,4.849863914
322,0.516040346,5.564934402,4.101720953,82.89829846,3.944267019
323,0.5096241864,5.53626894,4.876417553,62.37900024,6.107696253
324,0.7659153544,5.956371258,6.840455568,74.13162457,5.448901989
325,0.5416942201,6.539933276,3.573792148,49.11908963,5.383143594
326,0.5540085262,4.292620226,6.535086137,53.42646144,5.163251384
327,0.5064268389,4.314308613,2.467319675,50.36389905,5.599165686
328,0.6838737892,5.64211008,2.178946151,37.46686186,4.725531544
329,0.5475874431,5.43811839,5.495695257,40.94617769,5.619130905
330,0.7953846345,6.102643882,5.20992697,60.02574617,5.499910824
331,0.4508237556,3.173522014,0.7320966945,8.430469676,4.760145445
332,0.7447001777,3.070079345,6.10394304,61.96547007,4.020125551
333,0.5864231602,1.833726838,4.370282649,43.40248393,4.872585768
334,0.5837746284,5.314257457,6.796137276,66.58318301,5.133167508
335,0.573385315,2.945030555,5.756145992,53.00750563,2.375748191
336,0.7914941751,0.5375295162,4.963773678,39.24039787,5.350172856
337,0.3709114755,5.35009466,6.141746628,22.56345495,4.272435256
338,0.6921429005,3.436664663,6.732848066,58.83221442,4.509303229
339,0.6427145848,4.643882307,3.858938731,41.02903698,2.046680254
340,0.5817742358,4.185353813,4.29660622,64.71275973,4.363941013
341,0.6994114483,6.272110129,6.802398296,61.81387025,3.108676513
342,0.6112396286,4.621896948,6.252200585,61.38256825,5.554282393
343,0.5942765304,2.786232045,3.326218707,42.38905085,4.527083553
344,0.6063595457,6.942532207,5.313993752,63.89937165,4.607218053
345,0.7351607721,4.38035888,7.213031743,55.25758902,3.319489647
346,0.6706226697,6.775840465,6.521413312,36.82159425,6.688109699
347,0.4157608221,1.765657078,0.869629549,16.366857,3.745065994
348,0.390750119,3.848811661,6.697455301,58.55007479,5.404375924
349,0.6006427093,3.348159406,3.122109511,33.16490094,3.519279897
350,0.5323381333,5.39660605,4.300151997,55.44425549,4.12302774
351,0.6643738692,4.492536405,5.227314081,57.52433125,2.33273966
352,0.7262980528,8.064260785,7.582427111,79.99813371,6.335524013
353,0.5205820532,4.113704603,5.817776636,58.82019442,6.534943031
354,0.4648979061,2.29222553,2.800891138,52.38546072,6.006629033
355,0.5243935105,3.165854104,4.217943761,48.10312142,4.629760495
356,0.5991194127,4.78943762,3.715059448,33.80461178,5.590507686
357,0.4796753755,4.766104738,4.447710124,37.62721678,3.989186869
358,0.6107941728,3.631767948,6.025479377,70.61685656,4.647307386
359,0.5445719968,5.830142724,6.525522965,89.20005015,4.562672704
360,0.4367894942,6.620206328,3.719287079,62.45050554,6.274990802
361,0.3933423204,5.050401309,4.622054918,78.68666896,4.77223639
362,0.713336101,5.436219306,6.225982495,64.54692049,3.290290949
363,0.5783495474,4.32915104,5.556916791,51.24257179,8.403042799
364,0.4923134828,5.583092981,5.502069652,49.8987314,5.5674951
365,0.4801990029,4.769723292,3.409560303,37.51070723,4.892521509
366,0.4736606966,5.384533629,3.756075106,68.40353144,4.379667903
367,0.5408035012,7.240154439,9.027129846,75.8095935,6.314354945
368,0.6025670882,3.261817658,2.514390355,19.90523637,3.11882205
369,0.25543929,6.555333364,6.960009304,64.34618343,7.36328762
370,0.6261174745,6.259378092,7.851353997,61.26526469,6.081740598
371,0.3917667168,4.23391317,5.7595497,44.03362015,4.894194621
372,0.4110542531,5.283344574,5.015779282,32.48727047,3.097657603
373,0.6522572038,2.960649941,3.727926036,50.14547605,5.180781508
374,0.6426568042,4.088416056,2.484198084,50.96656411,1.545195166
375,0.5529003328,5.698447689,6.554128653,58.88010918,3.562493252
376,0.5126739015,6.009397824,4.417594962,52.47963288,5.265823591
377,0.4958593432,6.378585262,6.451183523,51.78387242,6.529721727
378,0.1442189592,1.621394338,1.814886296,37.72254521,2.720469786
379,0.3462960429,5.656005481,2.951581699,27.5164709,2.420544329
380,0.4580821951,1.440364726,1.962346399,48.10246329,4.423352544
381,0.9436431766,5.80992172,7.149995118,84.07371579,4.782002981
382,0.6956348892,6.313698115,5.79440885,71.34315417,5.600173636
383,0.6762845056,5.088386801,5.669423033,53.27602052,5.023876582
384,0.5984811665,4.809959332,5.963795001,57.40651299,4.070366876
385,0.4616527395,4.665255161,2.533031704,38.00849245,2.905546422
386,0.4239371462,5.670942694,4.780938001,38.62654616,8.479995766
387,0.8246357662,6.240562184,6.540365815,63.14883243,3.753446195
388,0.09394197284,3.117798496,3.072039271,27.87016024,4.968745899
389,0.771015704,4.144810552,4.042273571,49.77170497,4.704799027
390,0.5671564206,3.403848975,3.67275503,24.30948873,2.912415899
391,0.5183209667,5.250244663,5.932628836,59.31564515,5.177904993
392,0.6794945236,4.97972037,7.426137843,71.05469064,5.897026574
393,0.6503702301,4.111232043,5.63842054,52.10738851,5.713756745
394,0.3528650449,4.482413824,6.391863382,48.01092347,6.490152397
395,0.5118488342,5.028159822,4.971609944,56.67468812,4.099197729
396,0.6340050846,3.923332176,4.892266302,27.84717276,5.24295446
397,0.5686490758,4.881009123,6.231562444,60.00089151,3.731811556
398,0.8641880901,4.154567866,4.860287442,65.76862293,2.746310183
399,0.5772700938,5.863795492,6.091811558,46.09190222,6.595737989
400,0.3695974949,2.943668665,2.843736854,43.07265263,4.19839589
401,0.3284757834,2.138151884,1.557273139,55.98334079,5.185367492
402,0.5948287135,6.232670127,5.988530015,39.82641033,4.301116985
403,0.3914508973,5.225563893,5.518261727,45.89019904,5.196055973
404,0.412549526,6.859704878,5.06610972,52.88340133,6.06626459
405,0.5180683231,7.046717672,7.235460239,75.16503449,4.745419814
406,0.7682864768,5.917791426,6.653508053,59.36948352,6.044483955
407,0.6350157936,4.643285968,3.328220501,19.44922133,3.588330745
408,0.4880497074,3.829373946,5.432254882,48.82465463,5.673636405
409,0.8125631853,5.423148691,5.282293559,79.19664761,4.02215569
410,0.4128024235,4.664136666,4.623579152,59.66052054,5.94998452
411,0.6235127746,6.287145255,7.355021259,71.17700349,5.119689291
412,0.1690929048,4.232311378,2.404142204,64.69356839,8.123843333
413,0.5067573701,3.112788434,3.468846184,37.18828348,3.425834494
414,0.4863774786,5.477498454,6.151195464,62.2338948,5.07906627
415,0.8624940754,7.049774478,5.786853162,63.96756911,3.910702175
416,0.4547015649,7.469604408,3.976369905,88.41370338,3.537325578
417,0.7424855961,8.450167238,7.160784383,90.49518882,5.969200597
418,0.675496362,3.513561549,4.907121823,29.99716185,0.6855877804
419,0.5989788907,4.742545864,2.843984587,26.87320617,3.361375887
420,0.3046539896,3.959808222,2.737947824,33.66630101,4.18157587
421,0.5939187384,6.356941318,5.416351809,63.23247738,5.654247712
422,0.3685098827,4.997527866,3.77392337,25.74599816,3.929644605
423,0.5557180061,4.827169102,2.614024167,30.12945115,6.044241727
424,0.5404106991,3.563083548,2.725942634,21.94848615,2.715352958
425,0.5168491768,8.09938667,5.711985188,48.83123489,3.501916723
426,0.4772869984,3.459574155,3.431662789,42.16517878,4.020473253
427,0.4848072619,4.858869452,3.486517102,40.53440224,7.419702017
428,0.7373255885,7.072727893,8.786496834,64.99068999,5.687517237
429,0.7353764895,5.851145659,3.79494932,59.96830983,4.215111776
430,0.6726004484,2.755383705,4.944583267,48.46549244,2.842156746
431,0.2067167002,6.36582379,3.626393236,41.79036797,5.635949749
432,0.4262786851,3.747442535,5.363568497,65.17902184,5.781085035
433,0.3648126218,2.734219473,5.173356209,37.58101987,5.103276238
434,0.4982032505,5.810283327,4.656702187,57.01572131,7.249143036
435,0.452506225,4.678140381,5.203901769,41.54276407,3.362854759
436,0.3848744685,4.805591089,5.266823095,43.68601751,5.946570871
437,0.3295122836,2.847468,2.117842458,35.90923961,3.969906319
438,0.5286061162,4.088339876,3.995720772,26.76867023,5.1735864
439,0.3333192482,4.581731918,4.756769489,41.34179146,6.115202259
440,0.4405747126,4.437250933,2.201897682,66.73037675,3.689393649
441,0.7679760069,4.172763201,3.344856317,49.4541284,4.661009287
442,0.5645432239,5.764516197,6.061056565,70.90735102,6.063470621
443,0.376129336,4.336440307,3.850328976,48.63356241,0.8628862337
444,0.5103785872,5.842723164,5.912516752,49.98791001,6.350955455
445,0.4548917991,6.63717226,6.887775466,65.3009331,5.759523111
446,0.5851500616,3.04811816,2.34927096,67.98394619,4.127483145
447,0.5653965858,3.298892895,5.464537063,42.02799493,4.957748002
448,0.5241473382,4.498159032,4.501256563,37.66633349,6.386605398
449,0.413499164,3.53872647,1.440929715,36.36660385,6.633046487
450,0.5356081585,4.863610574,6.820547009,53.86738862,6.691176233
451,0.5320133417,4.993173638,5.033738762,58.85922786,6.108162248
452,0.6439258108,3.727689409,2.885291282,47.00290733,3.683806817
453,0.7094984276,6.039276521,6.659831051,78.69767432,6.353938974
454,0.2264654306,3.663459925,2.891655108,15.10406086,4.027115106
455,0.3880373414,4.559853821,5.25473449,46.26730287,7.259576236
456,0.6134852006,4.926658117,3.285642694,56.581,3.867715927
457,0.4809264715,3.41839234,2.79549678,34.28008584,4.525933759
458,0.5864968873,2.644525931,5.683727594,64.99944313,8.546924733
459,0.6032942499,6.497606825,4.469497003,65.21317549,6.031163893
460,0.6611129186,3.543424003,3.775156389,38.77758833,4.242927082
461,0.3821364172,2.759508966,3.33070365,19.18427899,5.06350266
462,0.8377206687,4.371424569,6.346279693,47.16453768,3.193883241
463,0.5331243393,1.957345184,5.547713257,69.59355046,6.490969974
464,0.3360701675,3.647186201,4.426932855,55.17759121,3.860669554
465,0.2781479728,4.560363624,4.751012621,56.52258836,6.525688398
466,0.6901653625,5.955103728,4.973452918,50.12317571,4.262972954
467,0.1956598988,6.037404584,6.714769852,66.13188156,8.652081606
468,0.4793585355,5.782433349,3.660457293,48.1345465,4.164750218
469,0.4913580162,5.207467386,4.872067353,59.36141883,5.866287154
470,0.5842983124,8.570247084,6.415404185,45.26270194,6.481444188
471,0.4256294387,5.432637095,4.899523754,53.55926495,6.223342062
472,0.7006699002,4.244180958,4.995173435,50.60937089,1.73882749
473,0.6789936823,4.186565844,5.957267791,64.24146374,6.500602647
474,0.6563373125,7.242765451,7.073069088,71.34206904,4.888058825
475,0.5001528165,1.682657425,5.526141597,34.51963882,6.267219991
476,0.326918963,4.205620586,4.294031452,52.06980951,5.561912453
477,1,3.827619032,4.596305662,44.79770772,0
478,0.5491893771,3.394199472,6.823860292,49.96195613,5.58563632
479,0.3060738155,5.650883811,4.724544984,53.26501353,6.584389379
480,0.589838052,6.366776382,5.700621904,40.9039051,5.0706231
481,0.3345039441,5.462895395,3.111791388,46.92313114,7.55955603
482,0.4796863588,5.448757194,1.726072051,52.29509372,6.970760207
483,0.5454423402,4.134047999,5.030056771,40.65840769,4.405939678
484,0.5016220682,5.218114731,5.011966189,22.41446371,4.658858798
485,0.03711561025,3.643691761,4.083995532,22.96040481,7.356099685
486,0.644449206,4.083194993,3.41453431,55.27843264,6.17832625
487,0.8507875547,4.989228753,5.003341895,65.43245642,5.42530782
488,0.6242855133,4.977731609,4.915232084,49.02568969,6.382958223
489,0.4202125933,8.006163031,8.238293689,87.40852152,6.46246881
490,0.582166039,4.946644099,2.225027396,12.7614253,0.9544285017
491,0.5971185026,3.260712096,4.387142782,29.96072879,3.397969131
492,0.4857110449,0,1.598868574,29.81671978,3.114095044
493,0.3518166311,5.099439524,4.464029701,20.24142418,4.49651809
494,0.3190292166,2.734796915,4.735760771,41.97735375,4.356802829
495,0.5139912544,4.041606794,3.451733137,36.56882419,2.127080558
496,0.4118286779,5.658020322,5.732583889,48.79063392,5.142450361
497,0.6169904159,7.089209142,6.044757712,74.46267197,3.326756882
498,0.2402658183,4.308521577,2.16023216,49.64721973,7.523147655
499,0.6690155846,4.807552276,3.364389174,16.25236067,2.838857626
500,0.4374172832,6.670380302,4.836074019,90.04471678,5.528614707
501,0.5374746966,6.409294236,6.005660143,31.66018798,4.914134665
502,0.665296746,4.318325346,7.306909663,51.55530463,6.933028162
503,0.6070114518,2.376369483,3.849712329,34.01741048,3.410942973
504,0.6767034118,2.056694009,1.863464253,17.42809961,4.253974977
505,0.5334681705,5.407683633,5.847250979,48.64437041,7.470666051
506,0.248522105,5.175074218,6.381594127,73.62863861,6.70369224
507,0.4779553072,5.255715739,4.023783347,49.83275338,2.186002471
508,0.3983368609,5.200280546,5.903274877,47.15531017,3.359001819
509,0.5931420041,3.332622682,3.251223025,34.24262322,2.119902888
510,0.5876502004,4.804686385,6.806938635,54.41375509,5.388529284
511,0.5864646573,3.694428949,3.919747307,57.19139553,6.19606215
512,0.440919503,4.937052444,5.636776129,49.23340893,3.922215688
513,0.4387833217,6.759630384,8.297304764,76.95715814,5.955792697
514,0.5542914116,5.623009279,5.74053357,53.58462447,4.461362386
515,0.5081189389,6.903231754,6.928658442,52.54820324,3.394612688
516,0.5788265953,5.705948094,4.313543338,89.39030639,4.263155765
517,0.4124556376,3.347712728,4.444696397,48.75792733,5.649468885
518,0.520196832,4.136155582,5.365045938,45.91812254,4.399104113
519,0.5157908111,6.441732091,5.069433035,45.72636565,3.563208812
520,0.612601787,4.482804988,3.582803042,26.64485541,3.582609311
521,0.4692306283,4.760734046,4.208898868,25.96991875,6.899147188
522,0.1787582604,2.461995505,3.262067164,13.83688586,7.691606662
523,0.6437580293,7.072056534,7.285665484,84.51114663,3.94004487
524,0.4891834044,5.547659784,5.839497951,56.89101855,5.367708506
525,0.7157956454,3.33900601,2.17593164,31.21011918,4.632180104
526,0.3933598339,3.130722882,4.577349119,23.4929623,4.700878616
527,0.6841516319,7.498110494,8.699492568,93.81134085,6.32338534
528,0.5477859383,4.009872037,4.60338302,54.30020686,5.005760784
529,0.3442775398,6.203406817,5.680712245,68.66101967,6.654566433
530,0.4866230588,6.419851905,8.448252513,84.34456977,5.257722363
531,0.6602622646,5.804754296,6.701437425,60.76828298,8.220718953
532,0.581196478,3.897456151,3.749766126,54.87129029,2.800922628
533,0.7034095859,4.86066617,8.180604766,76.32937763,6.46510686
534,0.2623417669,3.375953442,7.510163864,40.53649299,5.812661435
535,0.4381746229,4.872466219,3.221177811,50.24703921,4.93306496
536,0.3693820868,5.395466325,5.51222031,55.83528321,6.647148617
537,0.8006684233,4.988021466,3.877389734,67.58949917,3.960693018
538,0.4663774322,5.389605732,5.830076325,64.1071063,5.685280392
539,0.4711935629,3.103176038,5.649376225,33.22174046,4.565922203
540,0.3866325859,3.331683892,6.056563088,24.01124512,7.270400294
541,0.4851647012,3.773747273,3.465742678,30.51491735,4.575109776
542,0.5041382486,5.74376689,5.30362885,48.31137962,5.264228768
543,0.5832284869,4.900996081,3.708812019,59.89975995,4.543829635
544,0.6831567491,6.04447216,6.040682415,37.18101083,4.725154527
545,0.4487226134,6.203125432,5.238615661,60.34084121,5.352543632
546,0.4627920004,3.057769035,2.534228169,25.54433054,4.675007893
547,0.6353694334,4.729490028,4.342650594,76.04927875,4.438644706
548,0.2104490002,5.937357084,7.265730127,67.27810536,5.610509005
549,0.5865348701,5.790211937,4.158171496,50.59179969,4.310277055
550,0.5419822325,6.65675256,3.738662146,48.86780466,4.871810263
551,0.4004810972,0.7919266184,0,29.62708381,1.998833151
552,0.4498412388,6.799814951,5.722919161,76.42614245,5.420286766
553,0.6261983625,4.708695577,5.723696429,60.39194218,5.339345859
554,0.4587246416,3.497778197,4.555874466,73.1982824,2.496238734
555,0.4311405709,3.99469907,1.984884065,40.77797494,2.321981369
556,0.5307318667,4.326044424,3.81074119,47.35028573,3.71411032
557,0.5904191435,4.087970354,5.133409088,50.48516021,4.439127516
558,0.4148284004,5.640712762,6.380002762,64.22133152,7.780797426
559,0.558200706,4.791521396,4.374396563,57.4750727,3.103096782
560,0.4327381205,3.594841304,3.756748963,31.98542241,4.297937333
561,0.9023674241,5.609696932,6.560111665,49.9845135,3.761922183
562,0.6264230942,3.343757319,5.59369726,62.68201628,2.37597057
563,0.6928801957,2.834446342,2.732153041,53.66468948,2.100057372
564,0.6513408742,5.559169129,6.338357497,86.03011983,6.637885988
565,0.5458260438,4.410180843,4.24000256,66.67916596,2.947847037
566,0.7438376691,4.499853155,1.429501402,32.09619554,3.948681586
567,0.5117677416,2.620865117,5.694675309,57.96760244,5.133405973
568,0.4087275608,6.100686691,4.738046895,52.30167037,3.674803031
569,0.6086664125,6.886218695,5.949051645,68.90177858,7.686739646
570,0.7430686975,4.169786221,6.592927463,77.25252911,4.653736066
571,0.6379145715,5.859551225,5.644288391,46.48578832,5.372186077
572,0.9323275083,3.765732916,5.548730192,69.60082179,2.837772915
573,0.5260431782,2.864726741,5.449631686,31.07083081,2.518311888
574,0.4243088929,6.187556818,4.394057966,71.90107183,6.105739852
575,0.3936263961,5.232720993,3.945262846,53.67720942,4.35404316
576,0.3852591903,4.234277537,2.974304502,57.03011481,5.55381875
577,0.7143599042,2.321002524,7.808361706,55.98417512,3.818703273
578,0.7614110439,6.724753552,6.012447633,82.39847116,4.00629982
579,0.8149800411,6.40310986,8.174423589,72.02176846,5.357152428
580,0.8705006406,4.646458012,1.561176547,14.75699833,4.176356201
581,0.6706224892,7.515558061,5.424473269,41.25112286,7.641478548
582,0.5002366435,6.411568196,7.576665214,58.53093918,4.59084846
583,0.6482062922,5.645152396,9.346662841,100,2.772162738
584,0.7684708788,5.837154175,3.54889742,42.9439513,3.028540931
585,0.5836745925,3.293674578,5.751331631,58.51668172,5.34799504
586,0.6650991173,5.591112539,4.641912493,50.2330632,6.347916319
587,0.706945214,5.371211216,6.616034007,74.31781732,5.793215124
588,0.3774462845,5.867517556,3.473113078,19.14569961,4.083416996
589,0.4331043094,3.33362388,4.595255485,66.52142255,7.024874497
590,0.64796837,6.572257966,4.812599647,82.6568888,4.436804962
591,0.7787124853,7.602125298,5.552369444,54.36216893,3.982727934
592,0.5543792319,5.653473013,3.298015354,55.28071272,2.513576568
593,0.4675881576,5.756349617,3.159245261,26.34015661,5.229059282
594,0.3098143728,4.96984916,6.007401438,53.39288807,6.252955122
595,0.629920932,5.172588114,5.865253473,66.32474734,4.408162142
596,0.4261775636,2.911458466,1.761711217,28.58761816,4.750873657
597,0.5978680496,7.460020684,4.846889024,56.01685515,5.322894707
598,0.7276449387,4.778055195,5.397907773,59.13614839,5.284110618
599,0.3691781914,4.106469692,4.532744574,51.16496717,3.110009789
600,0.4490550016,4.243213023,4.616445959,50.52056798,4.84810474
601,0.7936812685,4.039389462,8.701546638,75.20648897,4.877392639
602,0.4667113248,5.277614837,5.016541159,39.53240806,6.415173704
603,0.2674962312,1.152043399,4.11599256,23.65092846,5.073429181
604,0.422652997,6.616652484,5.117584484,70.75413991,7.565760473
605,0.359665032,6.970524936,7.102632068,51.59514798,5.523029239
606,0.5915077558,5.857873589,4.648929453,57.51507488,4.15614445
607,0.6067609168,4.503357935,3.470535231,36.66467387,5.65422878
608,0.6704614112,2.914278404,2.560282628,32.07400108,4.051458288
609,0.5160993445,5.413585556,3.65564289,32.22787917,6.509955582
610,0.5279547878,5.57210294,4.882699379,54.97217434,5.510143305
611,0.6021433077,6.138015007,3.172360243,49.59623761,8.177507856
612,0.4788754062,3.264099152,4.673402908,48.34674034,3.761579536
613,0.5246554066,4.614553295,5.49120714,63.70637145,7.875624574
614,0.6936657277,3.5321965,4.53722648,46.43322604,4.858761872
615,0.3928607293,4.268359856,2.770499383,47.06828969,4.023408326
616,0.653087362,8.894336159,6.917490712,75.19487877,3.76322364
617,0.3674906793,2.360253761,1.85777519,29.40663054,3.943538795
618,0.578115669,5.319388736,5.584949148,43.26982713,6.573280763
619,0.5784267406,5.230943766,7.053238035,67.03312232,5.442726943
620,0.5963258338,4.087421187,2.234826414,41.26794561,3.566442001
621,0.152857682,3.454844503,5.852136526,27.95537862,5.824754602
622,0.4850279462,5.060541094,9.606780461,87.01676109,5.49011988
623,0.6039242762,5.419949744,6.342695273,73.21351188,3.705407215
624,0.5232668805,4.398297095,3.809010725,47.19755752,5.931548041
625,0.4695988968,4.172005214,4.887022286,26.75770684,5.265306447
626,0.7545972189,5.279704104,5.906606712,69.54076935,2.693218776
627,0.2577810359,3.965747252,5.083281075,42.17683423,4.090782228
628,0.4629900659,4.974207353,3.437374747,34.06530688,3.336950689
629,0.4984494312,4.417099276,6.189738803,60.35444956,5.323088725
630,0.6305317021,5.821981482,7.737812819,57.50018471,4.958414069
631,0.6788549174,7.907059583,6.892186077,55.19506799,5.773494132
632,0.4945989994,4.495964654,1.778066771,31.20842969,4.92360976
633,0.7490033333,5.929118824,5.62165156,65.66264108,4.939645597
634,0.4741280815,3.246236858,4.286836322,36.83229963,3.545697185
635,0.5358716312,4.535534932,1.349731239,42.83651141,4.312372902
636,0.3636676033,3.561774657,4.545131719,61.96467015,4.911900725
637,0.7499546008,6.834727014,5.642853551,65.77809402,4.649662159
638,0.6469856667,6.46892901,8.303155437,82.86698221,5.758798662
639,0.4661498662,7.551769376,6.854076859,83.35768755,5.115796361
640,0.318369992,6.117020003,5.296980296,59.29085934,5.645503639
641,0.2495162019,1.562999916,3.72489924,30.51777441,3.548754088
642,0.493782962,2.564983382,1.725778116,35.36157394,5.010904151
643,0.6846038393,5.145673952,2.701210739,33.74484177,5.181723021
644,0.423848693,4.727896945,5.283235048,44.5306961,5.748804176
645,0.6386214901,6.422440039,6.161034033,59.37755969,5.187762608
646,0.6635773853,6.8964265,7.483576242,97.71370745,7.672545329
647,0.3949262054,3.996045068,1.653934767,51.33378477,5.227009753
648,0.5365982273,3.238167978,2.319796535,18.13583826,4.680245118
649,0.3497120456,3.335465192,2.981858156,46.15381184,5.875091196
650,0.4260050342,3.341313263,5.615495944,58.42399842,5.419714709
651,0.5102486813,9.053761297,7.14089314,79.12581437,7.013686275
652,0.4968835183,4.241786682,4.627022823,42.44087256,5.332294912
653,0.5012166545,4.264891374,2.567681021,29.49013846,5.376699981
654,0.6807800906,4.138059379,6.795826286,89.70440318,5.198679441
655,0.5185472726,5.979562441,5.437510511,53.13717013,5.489479505
656,0.3462979637,3.828919611,4.633080167,58.82560531,6.118538066
657,0.4668009443,3.9535737,4.480039016,39.88318281,4.757590764
658,0.6056944009,6.58393111,5.601734206,58.71557308,5.555303043
659,0.5815170092,6.241172081,5.984344229,75.93986613,5.124503864
660,0.3954867794,4.726935263,4.998720476,50.16506211,6.764966245
661,0.6997383702,5.546583199,5.028127344,42.27550491,5.352359492
662,0.7000640284,4.122055281,4.052255418,45.10425861,3.938617418
663,0.6694202052,4.859817271,7.204467778,37.21601225,3.304922593
664,0.4947894371,5.658406941,5.818406037,52.98487696,4.558588061
665,0.411791617,3.182124077,2.350562784,25.72582512,3.313408364
666,0.7338213841,5.737016693,6.802645384,72.50546966,5.232889187
667,0.5301906475,6.635321675,6.781446142,86.75793367,7.969045625
668,0.480404795,5.844996208,4.84226843,54.43600676,5.942646192
669,0.5597829265,5.662968128,5.305898814,66.5465657,4.490359494
670,0.4902327088,6.393453235,6.123300256,54.76223665,3.632079893
671,0.4720542734,3.911250131,6.512992955,49.32094854,5.707802056
672,0.7155855002,3.481512647,5.044315021,56.87555467,3.629937447
673,0.7797066821,5.899737623,3.140841889,21.39360012,4.751435825
674,0.5946134775,4.476023205,7.440782253,61.22219399,5.091363331
675,0.6183599399,4.212393279,6.869273025,62.24132186,5.238098497
676,0.4534628963,5.610820033,2.945871501,62.24130383,6.036706442
677,0.5969028453,6.282522758,4.117761394,91.93828507,3.892101322
678,0.4012525782,2.545153573,1.930574622,47.9435374,4.573518691
679,0.4245860207,4.320709069,5.088803993,58.30438035,5.964716442
680,0.5813913747,5.968376421,4.344102983,54.9271055,6.279164294
681,0.5594555834,6.616038622,4.767031281,52.01742294,4.533551742
682,0.5334107389,2.657361661,5.630774977,71.92984573,4.944163734
683,0.4290034124,5.498668238,4.136605072,39.01417049,7.391480473
684,0.5032526928,10,5.41776205,84.96026472,7.592711732
685,0.4485690633,3.501251178,2.635322354,30.88791262,2.973364142
686,0.579501681,4.736696954,5.314009143,69.90763414,4.785626463
687,0.6000207466,5.444691977,6.51782422,49.05020815,5.699040698
688,0.57696652,1.815253015,1.414233074,8.765222732,4.597457282
689,0.6256620296,4.969475962,3.966004412,70.83552445,5.800689617
690,0.5559180417,6.050245668,5.688357808,57.5523036,4.777686599
691,0.7205561594,3.502274185,5.328766653,49.25422239,3.957528852
692,0.3818947208,1.979407546,2.695453075,32.05405211,5.968490963
693,0.4930070401,4.930443016,6.339536454,70.5164364,5.060202399
694,0.4430735696,4.494956807,4.263919986,54.50679246,4.69699401
695,0.5930511992,5.559746236,6.327325816,71.00472397,6.759634998
696,0.6864200586,3.037360868,3.466160446,22.24191766,3.213140261
697,0.5685383166,6.591069756,7.443137969,53.81702364,7.789208024
698,0.4880404199,5.692758215,4.280916305,62.67362375,4.478454983
699,0.8086303984,9.012205491,6.984160406,79.85117766,4.404143076
700,0.170674372,4.374624629,2.972231742,12.89703276,5.14104979
701,0.479149447,5.812825098,5.683003509,56.96415318,3.601713069
702,0.3777128575,3.155055619,4.446874575,38.75439841,5.671299494
703,0.825015462,3.959695012,6.015313465,58.60046764,4.52045226
704,0.6378058342,8.839520014,9.407676179,88.71783896,5.820722566
705,0.5004085458,3.580998977,6.752305052,67.41433308,4.657869685
706,0.5912268442,4.53191865,5.7575036,54.24423265,4.532930063
707,0.4385901545,4.40553219,7.19614829,70.67741879,7.510959126
708,0.5480498804,4.399803856,5.731746567,66.21081391,5.030114337
709,0.5695394577,5.82982016,4.535301381,47.16790928,5.558631794
710,0.3062250982,2.575873528,5.024294049,38.01854103,4.346168509
711,0.4712362009,5.131879514,2.39883959,50.37688697,4.685612123
712,0.4976439161,6.374281516,5.159324708,63.7386925,6.066319738
713,0.3865269585,4.919579103,5.104337259,36.58283151,4.244070715
714,0.5327619259,2.460235726,4.227553849,36.11388543,4.385114256
715,0.7058187151,4.355754015,2.996056008,26.64762495,2.440049397
716,0.5962468834,3.677557573,5.986182957,55.49712839,4.041011894
717,0.5124091795,5.739221411,4.84213506,64.51863834,4.527781687
718,0.3303688529,3.396405883,2.844089592,21.61587958,4.708223682
719,0.6806932572,4.999295637,5.86244742,59.21753785,3.644383599
720,0.3580719377,0.7975551024,5.108686579,24.32726235,2.531320041
721,0.4082067352,4.447047275,3.065928826,26.75947238,3.628443771
722,0.6089820335,2.522243349,7.063764822,43.37323222,4.038734435
723,0.4512870088,5.205680246,6.729156181,52.90273447,5.593066835
724,0.5630651914,4.524672041,7.243252983,45.70558546,4.087160686
725,0.6096849684,7.471908412,4.734619825,47.89872099,5.981933786
726,0.321305394,3.529791457,5.174860448,45.72501678,6.641921434
727,0.642017571,3.963285489,5.361347869,47.23091813,4.859720295
728,0.5170418542,7.188513601,9.35140162,71.69716627,5.819721319
729,0.3722873299,4.639456566,4.764204656,37.32759988,5.680372691
730,0.5192609212,6.775170631,5.564498452,43.40463206,4.834751059
731,0.6428742907,2.921678533,5.059849387,59.5678274,4.424036344
732,0.5538318026,3.820347776,5.4949889,47.95046434,4.891106063
733,0.5756475556,4.652827782,6.640882945,57.73801115,6.361294704
734,0.8064586859,6.637578096,4.329520207,68.0936178,3.079282915
735,0.4463820036,4.839404864,5.283078523,44.62148453,5.53246566
736,0.4847341931,3.408463678,4.002891811,21.26459833,4.621589126
737,0.6240009911,3.537252194,4.348325324,76.35218005,5.441465124
738,0.6021619862,5.389446052,6.220179096,56.66993126,8.549456602
739,0.311031673,3.319735753,2.104535441,27.26515609,2.906856805
740,0.7048373839,1.902827276,2.636172704,35.46990652,2.198587725
741,0.7376974856,2.658948765,4.081866937,43.75968339,4.457084807
742,0.6088668815,3.671415336,4.260513433,28.28448115,1.865958615
743,0.4527807207,5.092766193,5.685483181,36.12042602,5.611691218
744,0.3908407892,4.92297479,4.821094254,44.31410094,5.667029464
745,0.663978973,5.486456268,6.948804195,80.53835987,6.622611993
746,0.433252304,4.852539594,4.034861876,51.73617764,3.574744032
747,0.8324520201,6.492533044,8.849052201,64.24383725,5.154334224
748,0.5829707308,5.860918956,6.319434402,88.59019227,2.390559825
749,0.4346894641,4.569117239,2.812868555,52.95244772,2.307579712
750,0.6648943037,3.839785843,4.718326166,77.1542792,6.06507344
751,0.5110978418,2.340270936,2.219714612,36.00823534,2.164367491
752,0.5136555385,3.576187319,5.257682501,61.79784414,4.26690517
753,0.748124493,5.7273044,4.872302595,51.02760793,4.292297293
754,0.2352331531,3.751790526,3.225442244,35.41503334,4.719945405
755,0.4341282486,4.99748562,5.284760863,38.52917534,5.354815635
756,0.6638392453,4.810005193,5.914443019,50.9056093,3.314802785
757,0.4686814612,5.424698674,6.580463553,41.7334837,6.554310794
758,0.4173121052,4.884862317,7.063303903,74.9158306,7.993849404
759,0.5301852558,5.530802592,10,51.95717494,6.015753733
760,0.6221351149,5.963756212,6.671782371,78.63708258,7.755848075
761,0.279650847,4.211890125,2.582034987,16.01484878,2.700137051
762,0.3366916585,6.948315781,4.920354205,33.62604181,5.78417685
763,0.5123739552,3.279580468,4.156903942,43.20112579,5.265374764
764,0.4589215301,5.930933264,6.109792339,62.18323641,6.832910217
765,0.7377994711,6.524394859,5.732501847,59.60608715,5.681238009
766,0.6087107499,5.276877287,4.159215325,10.16215551,5.594429779
767,0.6240464959,6.506783036,4.446175693,41.3255339,6.336896245
768,0.1938703758,4.088207236,3.302953603,44.51004033,4.825237843
769,0.4506752001,4.194170217,3.392582426,52.19218809,3.491625437
770,0.4732502113,4.7588412,2.768634201,31.12087287,3.913623032
771,0.5984683972,3.498135564,6.089729591,36.2155107,4.01385406
772,0.6911720879,5.961329588,6.823100889,68.95178131,6.370610247
773,0.4595196164,4.27670152,3.218273487,69.99830127,4.401639146
774,0.6638339138,4.605188152,3.610507066,49.38137045,4.340847504
775,0.6632317127,4.32375108,6.897397593,65.256774,4.651943063
776,0.421560383,4.680173783,5.399629691,53.69777439,6.888481637
777,0.1417770451,4.718293546,4.741179329,29.78829306,5.863970703
778,0.4232388845,4.849593269,4.775220451,35.66869035,3.922217899
779,0.4526256627,6.623284179,4.718763984,56.127248,4.818444045
780,0.6989696874,5.552751104,5.3951369,68.71627756,5.081269014
781,0.6331174828,4.719227334,4.40257074,55.83039686,6.187539962
782,0.3996630247,7.037593468,5.031127164,46.56994354,5.907353947
783,0.8536050354,3.566780494,7.628627007,46.96651049,2.768267985
784,0.351268653,5.185724461,0.322666886,18.14966691,4.457153207
785,0.5085327603,5.531419047,6.825294582,89.33959555,3.711218484
786,0.4920879604,4.717020495,5.11123029,57.78015573,4.990849743
787,0.8815432202,4.050325224,5.247809026,79.74209942,3.104529054
788,0.692454273,4.159723165,3.064800757,45.08169616,2.78130029
789,0.6636066066,5.362603418,4.30452549,45.28917839,3.393059984
790,0.3830743992,1.567009421,3.741456175,31.79909541,2.408913652
791,0.5646460519,5.54877892,5.034502563,54.12650782,6.333996331
792,0.3520509475,6.775153702,7.298837263,93.59495796,6.832126504
793,0.7780200449,6.514703461,4.999170264,71.51636801,5.9333136
794,0.6511273592,5.714208774,6.070992155,79.6768164,7.584846852
795,0.5153707543,3.063932197,5.223464295,61.80810367,5.816812468
796,0.8402269815,4.585529933,3.227073339,34.55770777,3.102185688
797,0.529592767,5.329434267,5.707234728,55.60307582,6.566947445
798,0.4533410083,5.128954022,3.846899914,52.49621713,6.55620852
799,0.6026106433,5.647977688,0.2736588072,65.88417094,2.182473459
800,0.4918611899,4.732554459,3.119715646,56.52358333,4.259495573
801,0.6433109849,6.048136574,7.234540738,84.4055254,6.463460416
802,0.441833706,4.086053502,4.766440538,51.47538272,4.36227465
803,0.3162482817,6.186967967,4.190985026,58.26560754,8.697953211
804,0.6398079238,5.739538332,4.840098594,50.04436416,4.033333236
805,0.2527811422,3.738144787,7.467439687,60.33835132,7.344559291
806,0.3188717793,7.424623175,3.352689395,63.04043937,4.492245873
807,0.5806652721,5.96780877,5.661957769,76.08357992,8.41102409
808,0.484690277,8.933023513,6.620999397,37.15656236,7.138007839
809,0.66857806,3.849075447,5.045818435,57.33120647,3.638084416
810,0.6944826352,4.380103056,4.111676675,34.29893657,4.901715279
811,0.664553385,6.40823397,4.651240904,71.96994299,6.882806333
812,0.4648061046,3.040503034,3.893444523,64.3429051,3.382290475
813,0.7916128775,5.178874521,6.981306942,83.63867813,5.67329176
814,0.4214004424,6.316905145,4.586535297,47.15681312,5.459429964
815,0.4173637515,6.015131679,5.096372049,46.93220867,3.568418016
816,0.6820230893,4.989026217,5.282246835,49.95434926,5.075792196
817,0.5583432499,3.33482464,4.314035988,40.10122453,7.019089014
818,0.5751873809,3.553474171,5.893169981,38.7918571,5.130932897
819,0.260415093,4.944465918,2.198657837,36.19409272,7.769517134
820,0.7613269064,4.085284748,5.509545497,64.13150036,5.268469284
821,0.4568444389,5.354561899,3.347061953,35.34081539,4.757878863
822,0.3954928307,6.620986276,7.420120063,65.8247758,5.144778806
823,0.7238060498,4.69524147,2.542807031,42.40229645,4.387135647
824,0.8266625518,5.256511854,7.541816234,86.90718128,4.394847688
825,0.7352407574,6.550481946,6.833962439,61.0090714,5.778801038
826,0.1940752412,4.510315549,4.503302485,36.65376408,5.262270015
827,0.6935155054,6.71827803,7.104828648,77.90733781,4.967941373
828,0.648887889,5.916677171,6.932194627,65.49926878,4.871577701
829,0.3770362493,4.869629474,6.128289146,54.57613897,3.705187646
830,0.6701247048,1.577016489,3.183718552,12.41656499,3.126325069
831,0.7737738516,4.633603386,3.434477678,55.86053127,3.246837777
832,0.5462174016,2.907400158,4.181560515,29.41499258,3.394109242
833,0.5504930329,3.542226873,4.049705633,31.44081542,4.778966467
834,0.4384994326,7.243514744,3.678884247,69.96996666,5.004875888
835,0.474819677,3.994918657,1.953411253,58.73344981,3.363305397
836,0.4765612063,4.938193847,4.208332339,53.2929449,5.701422997
837,0.5861524904,6.171254924,6.294782667,60.03727441,5.172973422
838,0.5860712053,4.696510648,4.450149229,44.01078477,6.408821808
839,0.6834271781,4.356698921,5.40173667,39.8156479,3.736315559
840,0.6013679454,7.054971489,6.457087791,71.4828225,5.330391659
841,0.514090827,5.732242751,5.714430504,81.14920945,4.685909052
842,0.4241542946,5.420596854,7.425396443,55.18546904,6.444409313
843,0.5410204101,3.399999608,2.391019252,37.15938812,4.891243122
844,0.6504017019,2.559274982,5.017779208,33.98665073,2.301999852
845,0.4575735671,5.187483996,5.878825429,29.40894783,7.196638502
846,0.7119970861,3.216714064,6.113175846,67.26886703,5.412221637
847,0.5522881305,3.966965109,6.158485649,66.2374487,4.40161136
848,0.3779873833,1.681745417,2.036640382,17.29793729,2.71164098
849,0.464202824,7.106216863,8.10364493,89.40730289,5.621172321
850,0.5919883541,4.048215246,4.538139687,34.84889658,5.929554953
851,0.3163220883,6.407426112,4.363067648,66.11208208,6.257607073
852,0.470327587,3.078795991,1.467806118,23.51351202,4.734871368
853,0.4013458829,3.263784687,2.372309851,23.49908819,4.592586233
854,0.3599166694,3.370089097,4.6799284,42.16961092,4.306286375
855,0.254626271,3.922514069,2.856490177,38.14253222,4.746692675
856,0.5909669218,4.68804278,4.809912837,67.57762342,2.639482655
857,0.6528815856,4.171153402,6.356374832,84.99160556,5.088455068
858,0.4371358793,5.404585191,4.414547731,65.83825466,4.655159884
859,0.6069347038,3.063891888,5.10213697,51.26460299,5.287576123
860,0.5711014713,4.502601016,2.752851264,45.72958743,4.66975911
861,0.4736823177,5.351502501,5.422850022,69.47294726,5.183329604
862,0.4308510601,5.478985907,4.868015761,52.76491921,5.319753506
863,0.4413996223,5.649592336,4.973429927,62.7401132,5.424859699
864,0.7112072215,4.419197511,4.061641465,46.16124693,3.833996951
865,0.6515249513,5.093532416,5.611557658,41.34196472,4.552015008
866,0.7605555398,5.590020855,4.870976732,50.45791745,4.551737387
867,0.3557536832,5.387457291,5.031639891,71.30697288,6.036090642
868,0.5193127192,4.107426173,7.180737331,80.14480455,6.884771906
869,0.437639508,2.909156994,3.746506382,41.55783357,4.387959233
870,0.496093898,7.116914537,8.319009725,92.02994554,7.198938609
871,0.4391469892,3.14126539,4.990612345,56.13102955,6.060478049
872,0.6077323793,6.462963947,4.774141084,44.54707267,5.009338783
873,0.6625435087,3.889661503,5.737968696,37.1773891,3.945103493
874,0.5605514048,4.403484162,4.521916197,49.73454051,6.799033476
875,0.488666158,3.359654568,3.848203665,23.71139857,3.183777695
876,0.4118241936,5.801956914,4.189512189,46.23962459,4.28480943
877,0.5371731688,4.575525626,4.726180847,38.69717041,4.789032669
878,0.774894369,4.519181535,4.517478212,57.38305982,4.819991693
879,0.593758876,7.344376202,6.627256569,92.09522037,6.650681733
880,0.4852897256,4.269633029,5.71094764,31.85920425,5.416194997
881,0.464141883,4.072530551,4.788677988,42.89203714,5.224142292
882,0.5778912381,5.961497961,7.032387987,56.50308721,6.969565765
883,0.6210320484,4.951229231,3.426814759,44.53458633,4.07933575
884,0.5955366551,3.164116455,4.47812149,64.27304717,7.436950051
885,0.4032400668,5.459240742,4.562954641,40.39850628,4.403451621
886,0.4585489614,5.517961967,4.614192212,39.2872116,4.864459588
887,0.7369743196,5.276216604,4.319447331,51.71957732,4.432143793
888,0.4615500824,4.473451221,6.820051734,52.98521462,3.206478372
889,0.2861408083,1.656682297,2.417873008,40.05322815,4.644724003
890,0.4747073785,3.209501907,3.940651542,40.73245992,5.744527091
891,0.4835885657,4.80373817,5.410212958,29.10859576,5.012698825
892,0.3898026822,3.620181874,1.777950195,48.13201809,3.85020477
893,0.5938742446,8.69628025,6.516174724,84.48673783,4.879186113
894,0.5096019431,8.260668188,6.028043702,41.58781832,4.441065244
895,0.6980045072,6.563746098,3.367092943,33.04026473,7.381001531
896,0.4540722908,4.550419956,1.8925963,57.47550216,2.812128488
897,0.5732922233,5.063683611,6.344998356,82.26158286,7.463297386
898,0.577394934,4.447783818,5.522518423,41.04066735,5.088452716
899,0.5172706044,5.247223088,4.88303046,58.83496658,6.965120884
900,0.5610607669,6.666291446,3.903469219,64.94746357,4.348864152
901,0.2621973167,3.732969631,2.438149272,0,2.595631183
902,0.471890981,4.331308907,4.167345045,28.90479478,4.538264085
903,0.5354817537,4.169636606,5.858947652,59.18010424,4.894675385
904,0.8911596024,5.109550179,5.69145726,69.89641241,7.149542823
905,0.5133689198,3.751144377,4.178677697,39.35316455,3.51372653
906,0.5180729458,3.688958406,3.264890642,67.19901565,4.054992639
907,0.5879260091,2.658784967,4.617322241,28.29605251,3.85542478
908,0.2377278941,5.26814992,2.606420821,25.96865052,3.413474242
909,0.414016769,2.96522217,7.222797615,72.04769022,4.261737662
910,0.7900500937,3.475437606,3.497088661,43.17005886,4.703111404
911,0.3986170865,4.321718761,2.884108696,33.11124205,5.872717598
912,0.3016134453,3.492354201,3.379864173,31.90855623,5.947392447
913,0.3200381829,6.03825118,5.316902735,44.93352811,3.551663292
914,0.4227255555,4.885024163,3.732223699,22.99798119,3.241945997
915,0.7263305958,6.595814415,6.186881216,80.35273427,5.476724798
916,0.6247934433,3.113153259,4.781493001,51.01171704,2.683551251
917,0.432893761,3.38698521,2.862688697,33.11728319,2.619090974
918,0.2583802943,6.212698633,5.691886434,52.56460653,7.51229326
919,0.4587607277,4.83956764,2.90322652,43.83300996,4.557127509
920,0.5011193037,5.557291855,6.989724413,93.0035079,5.346223601
921,0.5854035572,5.964081826,3.498872447,56.62005639,2.241796424
922,0.7892428985,6.454828937,4.564872497,63.44829804,5.120854454
923,0.6432352359,9.488595089,6.369113727,99.00343196,4.989687402
924,0.6127985371,6.078151465,4.645997355,62.56201137,7.94132006
925,0.4412853994,3.448012605,5.667568913,60.06626305,6.017436158
926,0.623156487,6.450378932,7.194921921,89.44327929,7.615558639
927,0.4957532765,5.210255617,2.695194828,46.54089033,4.896148741
928,0.3221371047,5.493675745,5.526134863,61.25450685,5.16009666
929,0.3480784448,3.577705839,6.207404609,35.25079868,3.956710816
930,0.4794520748,6.094725898,3.880818769,48.28828657,4.492424651
931,0.5240349471,5.336841488,5.19907339,75.60465034,5.177247921
932,0.5457005175,3.495278626,3.670126914,52.93266136,3.172770685
933,0.1843760164,5.065949792,6.375940382,64.12746801,8.361379256
934,0.6098164882,3.697946875,4.152583756,45.83963096,5.687590493
935,0.5350071007,6.302425469,2.962048885,38.18616122,3.183546379
936,0.625062729,7.068983105,6.919612808,91.16579252,5.863609831
937,0.3658399224,3.388236925,5.577504911,59.30937534,5.032987618
938,0.4689557523,5.497552762,5.637740155,46.49697578,6.968542881
939,0.3485912454,5.184785747,4.639093247,39.90498305,4.120483642
940,0.4364837806,5.5028971,2.024091517,42.73759928,3.749515461
941,0.550188388,3.925221011,5.626521441,50.34298019,5.079964864
942,0.4431746899,4.49264234,3.282066821,28.85210988,4.224536191
943,0.4029399303,4.71979532,4.293551445,32.34295051,5.928866367
944,0.4777048769,4.757220298,5.299448012,43.30149891,6.02356711
945,0.5537410819,5.78228648,5.736191533,69.65587807,3.422201406
946,0.680158874,5.805254231,5.500626292,68.64772768,4.795147805
947,0.6673447255,5.598517776,3.504680698,37.85314207,6.335610203
948,0.6151297149,4.677252835,5.885903432,51.70308011,4.309002795
949,0.3816343194,5.789265598,5.112675712,45.61777376,6.801404017
950,0.5144247894,6.060281744,4.813685486,62.50022961,5.724197824
951,0.7431541107,5.09063224,5.57569243,49.44537673,3.69091484
952,0.7586899404,4.188021636,4.591726817,70.17829961,3.177648942
953,0.5392186089,5.49531022,6.151658856,60.31643896,5.609706831
954,0.4916745674,4.739902687,5.877446108,44.56669938,5.552739778
955,0.7321846685,3.742785464,2.715561283,27.10282663,5.470312697
956,0.6046882171,3.459022137,1.876452021,68.46345767,0.7010208812
957,0.5799121507,4.925122317,4.88935545,37.88811202,5.246296028
958,0.480075489,4.125124287,6.174827104,75.49043332,4.450495739
959,0.4194947384,4.359802532,5.516194189,63.01231786,5.608823757
960,0.6408213648,4.961625388,5.738879539,55.81027447,4.971742551
961,0.6341240517,3.657563508,3.934837217,20.50018424,2.169364346
962,0.430726197,4.573534195,2.344602859,37.08509001,2.524267777
963,0.5128518046,4.108135142,3.295696839,30.01313519,5.409863561
964,0.3697257459,5.304741601,3.172352299,70.70001796,4.878141252
965,0.828087353,2.347071858,7.552909343,64.7452152,2.810008971
966,0.761270534,2.857909896,4.386782636,20.03413456,3.596777159
967,0.5795466201,3.463858746,3.81507178,45.14757371,4.482082063
968,0.3929612574,3.742256856,0.8928982531,50.14297305,4.531013877
969,0.5537612889,2.776863256,2.287917087,6.706288103,2.24613984
970,0.4818767366,2.850058712,4.432359412,33.61969972,7.659399411
971,0.3821470093,5.338102002,6.14288642,49.63722919,5.281032326
972,0.4794639017,6.807570967,4.962663103,51.60479365,5.943578769
973,0.3942622076,6.624968221,5.04548161,59.56199198,7.908719131
974,0.2345816838,5.839452994,5.15250245,46.84469693,5.97119298
975,0.3639502215,1.794942502,5.520588584,50.76880886,5.971166052
976,0.4589148049,2.524842144,2.820843275,35.21151134,4.257795357
977,0.6359365521,4.050418684,7.009744698,69.34915752,5.920983732
978,0.5193527155,3.222726452,1.168077433,29.0733965,5.044333959
979,0.4460397322,5.49924687,5.342975843,81.10862864,6.990816555
980,0.3898348629,4.683787289,4.893170302,66.77434571,5.114063373
981,0.408339184,4.51351689,4.324464392,53.14281378,4.493357852
982,0.5681332748,5.549970956,4.29374671,63.15893461,5.986386663
983,0.5029125684,4.113446873,4.039368395,25.08741445,5.570228629
984,0.6314394627,4.325510204,3.033574332,54.90326056,3.237558322
985,0.6035264795,2.053594973,4.087910979,37.44763905,4.406112671
986,0.7119799361,6.636370808,4.932489948,77.19955785,5.145042905
987,0.4579070505,3.95677254,2.441281967,35.37771824,4.957963267
988,0.8814400431,3.929755463,3.519212173,40.79804946,0.1868060377
989,0.6507243393,5.749478173,4.809780498,59.23493758,4.847868897
990,0.5684327205,4.974853243,2.992669767,39.2752916,4.286135569
991,0.4292594811,4.471351721,5.499242573,51.27860769,7.31402259
992,0.5647220055,2.913419867,3.434281534,41.46762639,3.750392067
993,0.5208570147,6.369926983,5.91695636,88.28963662,4.442003419
994,0.5129253103,4.642304399,6.036146199,43.59934568,4.767286934
995,0.2798026941,4.754265585,5.105809478,72.30085433,7.019569237
996,0.7402563557,4.252640117,4.860055389,62.03796705,2.02823104
997,0.5888583094,2.867957151,4.622142525,28.62978928,5.684370979
998,0.3380193532,3.22422179,1.073746056,29.73624826,3.970345481
999,0.6333704248,3.264616489,6.881474044,92.79547328,6.096892538
